kyle kuzma,wsh
deni avdija,wsh
patrick baldwin jr,wsh
jared butler,wsh
john butler jr,wsh
bilal coulibaly,wsh
johnny davis,wsh
daniel gafford,wsh
danilo gallinari,wsh
anthony gill,wsh
tyus jones,wsh
corey kispert,wsh
mike muscala,wsh
eugene omoruyi,wsh
jordan poole,wsh
ryan rollins,wsh
landry shamet,wsh
delon wright,wsh
cole anthony,orl
paolo banchero,orl
goga bitadze,orl
anthony black,orl
wendell carter jr,orl
markelle fultz,orl
gary harris,orl
kevon harris,orl
caleb houstan,orl
jett howard,orl
joe ingles,orl
jonathan isaac,orl
chuma okeke,orl
trevelin queen,orl
admiral schofield,orl
jalen suggs,orl
franz wagner,orl
moritz wagner,orl
mo bamba,phi
nicolas batum,phi
patrick beverley,phi
ricky council iv,phi
robert covington,phi
joel embiid,phi
tobias harris,phi
danuel house jr,phi
furkan korkmaz,phi
kj martin,phi
tyrese maxey,phi
de'anthony melton,phi
marcus morris sr,phi
kelly oubre jr,phi
paul reed,phi
javonte smart,phi
terquavion smith,phi
jaden springer,phi
dalano banton,bos
oshae brissett,bos
jaylen brown,bos
jd davison,bos
sam hauser,bos
jrue holiday,bos
al horford,bos
nathan knight,bos
luke kornet,bos
svi mykhailiuk,bos
kristaps porzingis,bos
payton pritchard,bos
neemias queta,bos
lamar stevens,bos
jayson tatum,bos
jordan walsh,bos
derrick white,bos
ryan arcidiacono,nyk
rj barrett,nyk
charlie brown jr,nyk
jalen brunson,nyk
donte divincenzo,nyk
evan fournier,nyk
quentin grimes,nyk
josh hart,nyk
isaiah hartenstein,nyk
daquan jeffries,nyk
jaylen martin,nyk
miles mcbride,nyk
immanuel quickley,nyk
julius randle,nyk
mitchell robinson,nyk
jericho sims,nyk
jacob toppin,nyk
dylan windler,nyk
precious achiuwa,tor
og anunoby,tor
scottie barnes,tor
chris boucher,tor
malachi flynn,tor
javon freeman liberty,tor
ron harper jr,tor
christian koloko,tor
jalen mcdaniels,tor
markquis nowell,tor
jakob poeltl,tor
otto porter jr,tor
dennis schroder,tor
pascal siakam,tor
garrett temple,tor
gary trent jr,tor
thaddeus young,tor
steven adams,mem
santi aldama,mem
desmond bane,mem
bismack biyombo,mem
brandon clarke,mem
jacob gilyard,mem
shaquille harrison,mem
gg jackson,mem
jaren jackson jr,mem
luke kennard,mem
john konchar,mem
jake laravia,mem
kenneth lofton jr,mem
ja morant,mem
jaylen nowell,mem
david roddy,mem
derrick rose,mem
marcus smart,mem
xavier tillman,mem
ziaire williams,mem
vince williams jr,mem
greg brown iii,dal
seth curry,dal
dexter dennis,dal
luka doncic,dal
dante exum,dal
josh green,dal
tim hardaway jr,dal
jaden hardy,dal
richaun holmes,dal
kyrie irving,dal
derrick jones jr,dal
maxi kleber,dal
aj lawson,dal
dereck lively ii,dal
markieff morris,dal
dwight powell,dal
olivier maxence prosper,dal
grant williams,dal
dominick barlow,sas
charles bassey,sas
charles bediako,sas
malaki branham,sas
julian champagnie,sas
sidy cissoko,sas
zach collins,sas
devonte' graham,sas
keldon johnson,sas
tre jones,sas
sandro mamukelashvili,sas
doug mcdermott,sas
cedi osman,sas
sir'jabari rice,sas
jeremy sochan,sas
devin vassell,sas
victor wembanyama,sas
blake wesley,sas
jose alvarado,nop
dyson daniels,nop
jordan hawkins,nop
brandon ingram,nop
herbert jones,nop
kira lewis jr,nop
ej liddell,nop
naji marshall,nop
cj mccollum,nop
trey murphy iii,nop
larry nance jr,nop
jeremiah robinson earl,nop
matt ryan,nop
dereon seabron,nop
jonas valanciunas,nop
zion williamson,nop
cody zeller,nop
christian braun,den
kentavious caldwell pope,den
vlatko cancar,den
collin gillespie,den
aaron gordon,den
justin holiday,den
jay huff,den
reggie jackson,den
nikola jokic,den
deandre jordan,den
braxton key,den
jamal murray,den
zeke nnaji,den
jalen pickett,den
michael porter jr,den
julian strawther,den
hunter tyson,den
peyton watson,den
grayson allen,phx
udoka azubuike,phx
keita bates diop,phx
bradley beal,phx
bol bol,phx
devin booker,phx
kevin durant,phx
drew eubanks,phx
jordan goodwin,phx
eric gordon,phx
damion lee,phx
saben lee,phx
nassir little,phx
chimezie metu,phx
jusuf nurkic,phx
josh okogie,phx
yuta watanabe,phx
stephen curry,gsw
usman garuba,gsw
draymond green,gsw
trayce jackson davis,gsw
cory joseph,gsw
jonathan kuminga,gsw
kevon looney,gsw
moses moody,gsw
chris paul,gsw
gary payton ii,gsw
brandin podziemski,gsw
lester quinones,gsw
jerome robinson,gsw
gui santos,gsw
dario saric,gsw
klay thompson,gsw
andrew wiggins,gsw
brandon boston jr,lac
kobe brown,lac
amir coffey,lac
moussa diabate,lac
paul george,lac
james harden,lac
bones hyland,lac
kawhi leonard,lac
terance mann,lac
jordan miller,lac
xavier moon,lac
mason plumlee,lac
norman powell,lac
joshua primo,lac
daniel theis,lac
pj tucker,lac
russell westbrook,lac
ivica zubac,lac
nickeil alexander walker,min
kyle anderson,min
troy brown jr,min
jaylen clark,min
mike conley,min
anthony edwards,min
luka garza,min
rudy gobert,min
jaden mcdaniels,min
jordan mclaughlin,min
leonard miller,min
shake milton,min
josh minott,min
wendell moore jr,min
daishen nix,min
naz reid,min
karl anthony towns,min
amari bailey,cha
lamelo ball,cha
leaky black,cha
james bouknight,cha
miles bridges,cha
gordon hayward,cha
theo maledon,cha
cody martin,cha
bryce mcgowens,cha
brandon miller,cha
frank ntilikina,cha
nick richards,cha
terry rozier,cha
ish smith,cha
nick smith jr,cha
jt thor,cha
pj washington,cha
mark williams,cha
mikal bridges,bkn
armoni brooks,bkn
nic claxton,bkn
noah clowney,bkn
spencer dinwiddie,bkn
dorian finney smith,bkn
harry giles iii,bkn
cameron johnson,bkn
keon johnson,bkn
royce o'neale,bkn
day'ron sharpe,bkn
ben simmons,bkn
dennis smith jr,bkn
cam thomas,bkn
lonnie walker iv,bkn
trendon watford,bkn
dariq whitehead,bkn
jalen wilson,bkn
jarrett allen,cle
emoni bates,cle
darius garland,cle
ty jerome,cle
damian jones,cle
caris levert,cle
sam merrill,cle
donovan mitchell,cle
evan mobley,cle
isaiah mobley,cle
georges niang,cle
isaac okoro,cle
craig porter,cle
ricky rubio,cle
max strus,cle
tristan thompson,cle
dean wade,cle
marvin bagley iii,det
bojan bogdanovic,det
alec burks,det
malcolm cazalon,det
cade cunningham,det
jalen duren,det
joe harris,det
killian hayes,det
jaden ivey,det
kevin knox ii,det
isaiah livers,det
monte morris,det
jared rhoden,det
marcus sasser,det
isaiah stewart,det
ausar thompson,det
stanley umude,det
james wiseman,det
bruce brown,ind
kendall brown,ind
tyrese haliburton,ind
buddy hield,ind
isaiah jackson,ind
bennedict mathurin,ind
tj mcconnell,ind
andrew nembhard,ind
aaron nesmith,ind
jordan nwora,ind
ben sheppard,ind
jalen smith,ind
obi toppin,ind
oscar tshiebwe,ind
myles turner,ind
jarace walker,ind
isaiah wong,ind
bam adebayo,mia
thomas bryant,mia
jimmy butler,mia
jamal cain,mia
rj hampton,mia
tyler herro,mia
haywood highsmith,mia
jaime jaquez jr,mia
nikola jovic,mia
kevin love,mia
kyle lowry,mia
caleb martin,mia
josh richardson,mia
duncan robinson,mia
orlando robinson,mia
dru smith,mia
cole swider,mia
lonzo ball,chi
onuralp bitim,chi
jevon carter,chi
alex caruso,chi
torrey craig,chi
demar derozan,chi
ayo dosunmu,chi
andre drummond,chi
zach lavine,chi
justin lewis,chi
julian phillips,chi
adama sanogo,chi
terry taylor,chi
dalen terry,chi
nikola vucevic,chi
coby white,chi
patrick williams,chi
saddiq bey,atl
bogdan bogdanovic,atl
kobe bufkin,atl
clint capela,atl
bruno fernando,atl
trent forrest,atl
aj griffin,atl
mouhamed gueye,atl
de'andre hunter,atl
jalen johnson,atl
seth lundy,atl
garrison mathews,atl
wesley matthews,atl
patty mills,atl
dejounte murray,atl
miles norris,atl
onyeka okongwu,atl
trae young,atl
giannis antetokounmpo,mil
thanasis antetokounmpo,mil
malik beasley,mil
marjon beauchamp,mil
marques bolden,mil
pat connaughton,mil
jae crowder,mil
aj green,mil
andre jackson jr,mil
damian lillard,mil
brook lopez,mil
robin lopez,mil
khris middleton,mil
cameron payne,mil
bobby portis,mil
tyty washington jr,mil
lindell wigginton,mil
davis bertans,okc
luguentz dort,okc
josh giddey,okc
shai gilgeous alexander,okc
chet holmgren,okc
isaiah joe,okc
keyontae johnson,okc
tre mann,okc
vasilije micic,okc
aleksej pokusevski,okc
olivier sarr,okc
cason wallace,okc
lindy waters iii,okc
aaron wiggins,okc
jalen williams,okc
jaylin williams,okc
kenrich williams,okc
deandre ayton,por
ibou badji,por
malcolm brogdon,por
moses brown,por
toumani camara,por
jerami grant,por
scoot henderson,por
skylar mays,por
justin minaya,por
kris murray,por
duop reath,por
rayan rupert,por
shaedon sharpe,por
anfernee simons,por
matisse thybulle,por
ish wainright,por
jabari walker,por
robert williams iii,por
ochai agbaji,uta
josh christopher,uta
jordan clarkson,uta
john collins,uta
kris dunn,uta
simone fontecchio,uta
keyonte george,uta
taylor hendricks,uta
talen horton tucker,uta
johnny juzang,uta
walker kessler,uta
lauri markkanen,uta
kelly olynyk,uta
micah potter,uta
luka samanic,uta
brice sensabaugh,uta
collin sexton,uta
omer yurtseven,uta
harrison barnes,sac
chris duarte,sac
kessler edwards,sac
keon ellis,sac
jordan ford,sac
de'aaron fox,sac
kevin huerter,sac
colby jones,sac
alex len,sac
trey lyles,sac
javale mcgee,sac
davion mitchell,sac
malik monk,sac
keegan murray,sac
domantas sabonis,sac
jalen slawson,sac
sasha vezenkov,sac
dillon brooks,hou
reggie bullock jr,hou
tari eason,hou
jalen green,hou
jeff green,hou
nate hinton,hou
aaron holiday,hou
jock landale,hou
boban marjanovic,hou
victor oladipo,hou
jermaine samuels jr,hou
alperen sengun,hou
jabari smith jr,hou
jae'sean tate,hou
amen thompson,hou
fred vanvleet,hou
cam whitmore,hou
nate williams,hou
colin castleton,lal
max christie,lal
anthony davis,lal
alex fudge,lal
rui hachimura,lal
jaxson hayes,lal
d'moi hodge,lal
jalen hood schifino,lal
lebron james,lal
maxwell lewis,lal
taurean prince,lal
austin reaves,lal
cam reddish,lal
d'angelo russell,lal
jarred vanderbilt,lal
gabe vincent,lal
christian wood,lal
