jarrett allen,c
darius garland,pg
ty jerome,sg
damian jones,c
caris levert,sg
sam merrill,sg
donovan mitchell,sg
evan mobley,pf
isaiah mobley,sf
georges niang,sf
isaac okoro,sf
craig porter,sg
ricky rubio,pg
max strus,sg
tristan thompson,c
dean wade,pf
stephen curry,pg
usman garuba,pf
draymond green,pf
trayce jackson davis,sf
cory joseph,pg
jonathan kuminga,pf
kevon looney,sf
moses moody,sg
chris paul,pg
gary payton ii,sg
brandin podziemski,sg
lester quinones,sg
jerome robinson,sg
gui santos,sf
dario saric,pf
klay thompson,sg
andrew wiggins,sf
lamelo ball,pg
leaky black,sf
james bouknight,sg
miles bridges,sf
gordon hayward,sf
theo maledon,pg
cody martin,sf
bryce mcgowens,sg
brandon miller,sf
frank ntilikina,pg
nick richards,c
terry rozier,sg
ish smith,pg
nick smith jr,sg
jt thor,sf
pj washington,pf
mark williams,c
ryan arcidiacono,sg
rj barrett,sg
charlie brown jr,sg
jalen brunson,pg
donte divincenzo,sg
evan fournier,sg
quentin grimes,sg
josh hart,sg
isaiah hartenstein,c
daquan jeffries,sg
miles mcbride,pg
immanuel quickley,sg
julius randle,pf
mitchell robinson,c
jericho sims,c
jacob toppin,sf
duane washington jr,pg
dylan windler,sg
deni avdija,sf
patrick baldwin,sf
jared butler,sg
john butler jr,sf
bilal coulibaly,sg
johnny davis,sg
daniel gafford,c
danilo gallinari,pf
anthony gill,pf
tyus jones,pg
corey kispert,sf
kyle kuzma,sf
mike muscala,c
eugene omoruyi,sf
jordan poole,sg
ryan rollins,sg
landry shamet,sg
delon wright,sg
mikal bridges,sf
armoni brooks,sg
nic claxton,c
noah clowney,sf
spencer dinwiddie,pg
dorian finney smith,pf
harry giles iii,sf
cameron johnson,sf
keon johnson,sg
royce o'neale,pf
day'ron sharpe,c
ben simmons,pg
dennis smith jr,pg
cam thomas,sg
lonnie walker iv,sg
trendon watford,pf
dariq whitehead,sf
jalen wilson,sf
steven adams,c
santi aldama,pf
desmond bane,sg
bismack biyombo,c
brandon clarke,pf
jacob gilyard,sg
gg jackson,sf
jaren jackson jr,pf
luke kennard,sg
john konchar,sg
jake laravia,sf
kenneth lofton jr,sf
ja morant,pg
david roddy,sf
derrick rose,pg
marcus smart,pg
xavier tillman,sf
ziaire williams,sf
vince williams jr,sg
brandon boston jr,sg
kobe brown,sg
amir coffey,sg
moussa diabate,sf
paul george,sf
james harden,sg
bones hyland,pg
kawhi leonard,sf
terance mann,sg
jordan miller,sg
mason plumlee,c
norman powell,sg
joshua primo,sg
pj tucker,pf
russell westbrook,pg
ivica zubac,c
bruce brown,sf
kendall brown,sg
tyrese haliburton,pg
buddy hield,sg
isaiah jackson,sf
bennedict mathurin,sg
tj mcconnell,pg
andrew nembhard,pg
aaron nesmith,sf
jordan nwora,sf
ben sheppard,sg
jalen smith,pf
daniel theis,c
obi toppin,pf
oscar tshiebwe,c
myles turner,c
jarace walker,sf
isaiah wong,sg
mo bamba,c
nicolas batum,pf
patrick beverley,pg
ricky council iv,sg
robert covington,pf
joel embiid,c
tobias harris,pf
danuel house jr,sf
furkan korkmaz,sg
kj martin,sf
tyrese maxey,pg
de'anthony melton,sg
marcus morris sr,sf
kelly oubre jr,sg
paul reed,sf
javonte smart,sg
terquavion smith,sg
jaden springer,sg
christian braun,sg
kentavious caldwell pope,sg
vlatko cancar,sf
collin gillespie,sg
aaron gordon,pf
justin holiday,sf
jay huff,c
reggie jackson,pg
nikola jokic,c
deandre jordan,c
braxton key,sf
jamal murray,pg
zeke nnaji,pf
jalen pickett,sg
michael porter jr,sf
julian strawther,sg
hunter tyson,sf
peyton watson,sf
dillon brooks,sf
reggie bullock jr,sf
tari eason,sf
jalen green,sg
jeff green,pf
nate hinton,sg
aaron holiday,sg
jock landale,c
boban marjanovic,c
victor oladipo,sg
jermaine samuels jr,sf
alperen sengun,c
jabari smith jr,pf
jae'sean tate,sf
amen thompson,sf
fred vanvleet,pg
cam whitmore,sf
nate williams,sg
greg brown iii,pf
seth curry,sg
dexter dennis,sg
luka doncic,pg
dante exum,sg
josh green,sg
tim hardaway jr,sf
jaden hardy,sg
richaun holmes,sf
kyrie irving,pg
derrick jones jr,sf
maxi kleber,pf
aj lawson,sg
dereck lively ii,c
markieff morris,pf
dwight powell,c
olivier maxence prosper,sf
grant williams,pf
jose alvarado,pg
dyson daniels,sg
jordan hawkins,sg
brandon ingram,sf
herbert jones,sf
kira lewis jr,pg
ej liddell,sf
naji marshall,sf
cj mccollum,sg
trey murphy iii,sg
larry nance jr,pf
jeremiah robinson earl,sf
matt ryan,sf
dereon seabron,sg
jonas valanciunas,c
zion williamson,pf
cody zeller,c
bam adebayo,c
thomas bryant,c
jimmy butler,sf
jamal cain,sf
rj hampton,sg
tyler herro,pg
haywood highsmith,sf
jaime jaquez jr,sg
nikola jovic,sf
kevin love,pf
kyle lowry,pg
caleb martin,sf
josh richardson,sg
duncan robinson,sf
orlando robinson,c
dru smith,sg
cole swider,sf
dominick barlow,sf
charles bassey,c
charles bediako,c
malaki branham,sg
julian champagnie,sf
sidy cissoko,sg
zach collins,pf
devonte' graham,pg
keldon johnson,sf
tre jones,pg
sandro mamukelashvili,pf
doug mcdermott,sf
cedi osman,sf
sir'jabari rice,sg
jeremy sochan,sf
devin vassell,sg
victor wembanyama,c
blake wesley,sg
marvin bagley iii,pf
bojan bogdanovic,sf
alec burks,sg
malcolm cazalon,sg
cade cunningham,pg
jalen duren,c
joe harris,sf
killian hayes,pg
jaden ivey,pg
kevin knox ii,sf
isaiah livers,pf
monte morris,pg
jared rhoden,sg
marcus sasser,sg
isaiah stewart,c
ausar thompson,sf
stanley umude,sg
james wiseman,c
lonzo ball,pg
onuralp bitim,sf
jevon carter,pg
alex caruso,sg
torrey craig,sf
demar derozan,sf
ayo dosunmu,sg
andre drummond,c
zach lavine,sg
justin lewis,sf
julian phillips,sf
adama sanogo,c
terry taylor,sf
dalen terry,sf
nikola vucevic,c
coby white,pg
patrick williams,pf
davis bertans,sf
ousmane dieng,sf
luguentz dort,sg
josh giddey,sg
shai gilgeous alexander,pg
chet holmgren,pf
isaiah joe,sg
keyontae johnson,sf
tre mann,pg
vasilije micic,sg
aleksej pokusevski,sf
olivier sarr,c
cason wallace,sg
lindy waters iii,sf
aaron wiggins,sg
jalen williams,sf
jaylin williams,sf
kenrich williams,sf
grayson allen,sg
udoka azubuike,c
keita bates diop,sf
bradley beal,sg
bol bol,c
devin booker,sg
kevin durant,pf
drew eubanks,pf
jordan goodwin,sg
eric gordon,sg
damion lee,sg
saben lee,sg
nassir little,sf
chimezie metu,pf
jusuf nurkic,c
josh okogie,sf
yuta watanabe,sf
nickeil alexander walker,sg
kyle anderson,sf
troy brown jr,sf
jaylen clark,sg
mike conley,pg
anthony edwards,sg
luka garza,c
rudy gobert,c
jaden mcdaniels,pf
jordan mclaughlin,pg
leonard miller,sf
shake milton,sg
josh minott,sf
wendell moore jr,sg
daishen nix,sg
naz reid,c
karl anthony towns,c
deandre ayton,c
malcolm brogdon,pg
moses brown,c
toumani camara,sf
jerami grant,sf
scoot henderson,sg
skylar mays,sg
justin minaya,sf
kris murray,sf
duop reath,c
shaedon sharpe,sg
anfernee simons,sg
matisse thybulle,sg
ish wainright,sf
jabari walker,sf
robert williams iii,c
colin castleton,c
max christie,sg
anthony davis,pf
alex fudge,sf
rui hachimura,pf
jaxson hayes,c
d'moi hodge,sg
jalen hood schifino,sg
lebron james,sf
maxwell lewis,sf
taurean prince,pf
austin reaves,sg
cam reddish,sf
d'angelo russell,pg
jarred vanderbilt,pf
gabe vincent,pg
christian wood,sf
dalano banton,sg
oshae brissett,sf
jaylen brown,sg
jd davison,sg
sam hauser,sf
jrue holiday,pg
al horford,c
nathan knight,sf
luke kornet,c
svi mykhailiuk,sg
kristaps porzingis,c
payton pritchard,pg
neemias queta,c
lamar stevens,pf
jayson tatum,sf
jordan walsh,sg
derrick white,pg
precious achiuwa,pf
og anunoby,sf
scottie barnes,sf
chris boucher,pf
gradey dick,sg
malachi flynn,pg
javon freeman liberty,sg
ron harper jr,sf
christian koloko,c
jalen mcdaniels,pf
markquis nowell,sg
jakob poeltl,c
otto porter jr,sf
dennis schroder,pg
pascal siakam,pf
garrett temple,sf
gary trent jr,sg
thaddeus young,pf
giannis antetokounmpo,pf
thanasis antetokounmpo,sf
malik beasley,sg
marjon beauchamp,sf
marques bolden,c
pat connaughton,sg
jae crowder,pf
aj green,sg
andre jackson jr,sg
damian lillard,pg
chris livingston,sf
brook lopez,c
robin lopez,c
khris middleton,sf
cameron payne,pg
bobby portis,sf
tyty washington jr,sg
lindell wigginton,sg
emoni bates,sf
harrison barnes,sf
chris duarte,sg
kessler edwards,sf
keon ellis,sg
jordan ford,sg
de'aaron fox,pg
kevin huerter,sg
colby jones,sg
alex len,c
trey lyles,pf
javale mcgee,c
davion mitchell,pg
malik monk,sg
keegan murray,sf
filip petrusev,pf
domantas sabonis,pf
jalen slawson,sf
sasha vezenkov,sf
amari bailey,sg
saddiq bey,sf
bogdan bogdanovic,sg
kobe bufkin,sg
clint capela,c
bruno fernando,pf
trent forrest,sg
aj griffin,sf
mouhamed gueye,sf
de'andre hunter,sf
jalen johnson,sf
seth lundy,sg
garrison mathews,sg
wesley matthews,sg
patty mills,pg
dejounte murray,sg
miles norris,sf
onyeka okongwu,pf
trae young,pg
cole anthony,pg
paolo banchero,pf
goga bitadze,c
anthony black,sg
wendell carter jr,c
markelle fultz,pg
gary harris,sg
kevon harris,sg
caleb houstan,sg
jett howard,sg
joe ingles,sg
jonathan isaac,pf
chuma okeke,pf
trevelin queen,sg
admiral schofield,sf
jalen suggs,sg
franz wagner,sf
moritz wagner,c
ochai agbaji,sg
josh christopher,sg
jordan clarkson,pg
john collins,pf
kris dunn,sg
simone fontecchio,sf
keyonte george,sg
taylor hendricks,sf
talen horton tucker,sg
johnny juzang,sg
walker kessler,c
lauri markkanen,pf
kelly olynyk,pf
micah potter,c
luka samanic,sf
brice sensabaugh,sf
collin sexton,pg
omer yurtseven,c
xavier moon,sg
patrick baldwin jr,sf
jaylen martin,sg
shaquille harrison,sg
jaylen nowell,sg
ibou badji,c
rayan rupert,sg
